Name,Brand,Current Price,Full Price,Category,Color,Size,SKU,GTIN
AIR ZOOM PEGASUS 41 CM,Nike,180,180,FOOTWEAR,HQ1718-400,6,be64e260-b8f4-5937-bc3e-a5e813e91ce4,00197859141425
AIR ZOOM PEGASUS 41 CM,Nike,180,180,FOOTWEAR,HQ1718-400,6.5,c014e4dd-13f9-534c-88e7-f620c3e79b1f,00197859140657
AIR ZOOM PEGASUS 41 CM,Nike,180,180,FOOTWEAR,HQ1718-400,7,cbec1199-9748-59ea-aa0d-cc78f9651715,00197859154340
AIR ZOOM PEGASUS 41 CM,Nike,180,180,FOOTWEAR,HQ1718-400,7.5,eca738a1-f9f3-5d77-b429-5efb22e3e6cf,00197859152667
AIR ZOOM PEGASUS 41 CM,Nike,180,180,FOOTWEAR,HQ1718-400,8,83c6255f-8009-5ef9-a89f-432471283f40,00197859123018
AIR ZOOM PEGASUS 41 CM,Nike,180,180,FOOTWEAR,HQ1718-400,8.5,78964afa-da8a-5eb6-8d24-74c325eb9db0,00197859118380
AIR ZOOM PEGASUS 41 CM,Nike,180,180,FOOTWEAR,HQ1718-400,9,c0e21d68-a03c-5e7e-914e-2479b3cd8952,00197859145652
AIR ZOOM PEGASUS 41 CM,Nike,180,180,FOOTWEAR,HQ1718-400,9.5,9c049fbc-06bc-5db5-9c74-3589fdef5b21,00197859125388
AIR ZOOM PEGASUS 41 CM,Nike,180,180,FOOTWEAR,HQ1718-400,10,0b9ddf1e-117f-5c6e-95cc-07d186c44aa0,00197859134366
AIR ZOOM PEGASUS 41 CM,Nike,180,180,FOOTWEAR,HQ1718-400,10.5,74314b20-0b71-5bab-9e14-c8d76ba9d69a,00197859130023
AIR ZOOM PEGASUS 41 CM,Nike,180,180,FOOTWEAR,HQ1718-400,11,a5c2648c-bd23-5f27-a51e-2df10738707b,00197859135981
AIR ZOOM PEGASUS 41 CM,Nike,180,180,FOOTWEAR,HQ1718-400,11.5,f3bae40b-4c36-583a-8e59-68fd217bd22c,00197859160037
AIR ZOOM PEGASUS 41 CM,Nike,180,180,FOOTWEAR,HQ1718-400,12,efb0fb35-a524-55fc-8267-0e62b1523efc,00197859126118
AIR ZOOM PEGASUS 41 CM,Nike,180,180,FOOTWEAR,HQ1718-400,12.5,a3b7389b-bf2a-523c-b521-ddadde7bd401,00197859138234
AIR ZOOM PEGASUS 41 CM,Nike,180,180,FOOTWEAR,HQ1718-400,13,fc6fbed3-c520-53d0-b83b-bce8fb40eead,00197859151202
AIR ZOOM PEGASUS 41 CM,Nike,180,180,FOOTWEAR,HQ1718-400,14,3d56f01b-9f3b-54f8-a029-35cd587e44d8,00197859121960
AIR ZOOM PEGASUS 41 CM,Nike,180,180,FOOTWEAR,HQ1718-400,15,5aa9c164-6245-589f-8ee4-3e4b5524f4d2,00197859160334
NIKE REACTX INFINITY RUN 4,Nike,103.97,160,FOOTWEAR,DR2615-002,3.5,23de2bce-e005-5b95-a4ac-55760f0aff9e,00197861686006
NIKE REACTX INFINITY RUN 4,Nike,103.97,160,FOOTWEAR,DR2615-002,4,90eab4e4-598c-5478-9e66-29943e8cc065,00197861702713
NIKE REACTX INFINITY RUN 4,Nike,103.97,160,FOOTWEAR,DR2615-002,4.5,37857972-325c-5968-892e-629346fcc317,00197861746588
NIKE REACTX INFINITY RUN 4,Nike,103.97,160,FOOTWEAR,DR2615-002,5,3f0dd53b-430d-5c65-8e0e-f99e128a54a9,00197861643122
NIKE REACTX INFINITY RUN 4,Nike,103.97,160,FOOTWEAR,DR2615-002,5.5,1ae8d217-6364-52e7-8ad4-213d654ae5e1,00197861629072
NIKE REACTX INFINITY RUN 4,Nike,103.97,160,FOOTWEAR,DR2615-002,6,c053fce7-dbe4-5f58-895c-e20f6293aac1,00197861676182
NIKE REACTX INFINITY RUN 4,Nike,103.97,160,FOOTWEAR,DR2615-002,6.5,6c8d10cc-9f7d-5676-82db-f04e9086df15,00197861576031
NIKE REACTX INFINITY RUN 4,Nike,103.97,160,FOOTWEAR,DR2615-002,7,0fe8b10a-d9c5-579c-ba5c-5c323cde24c0,00197861623919
NIKE REACTX INFINITY RUN 4,Nike,103.97,160,FOOTWEAR,DR2615-002,7.5,3ebadca7-0869-583e-9273-94b9a0eafd9c,00197861732451
NIKE REACTX INFINITY RUN 4,Nike,103.97,160,FOOTWEAR,DR2615-002,8,0c66e984-4a59-5eec-9c7d-907e1cbca682,00197861786355
NIKE REACTX INFINITY RUN 4,Nike,103.97,160,FOOTWEAR,DR2615-002,8.5,e3ba27dc-dbf4-52fa-ab94-c3dc9c877c8f,00197861787987
NIKE REACTX INFINITY RUN 4,Nike,103.97,160,FOOTWEAR,DR2615-002,9,30a8bfdd-aaef-5796-9010-59818d37b0d9,00197861613422
NIKE REACTX INFINITY RUN 4,Nike,103.97,160,FOOTWEAR,DR2615-002,9.5,4d105c73-0e22-5322-8ac3-2b387c97c7af,00197861579216
NIKE REACTX INFINITY RUN 4,Nike,103.97,160,FOOTWEAR,DR2615-002,10,8abb2f99-a628-5bf5-b3f6-538f74193580,00197861677769
NIKE REACTX INFINITY RUN 4,Nike,103.97,160,FOOTWEAR,DR2615-002,10.5,5557fc83-9180-5eaf-a9da-9aac7e3b328a,00197861570565
NIKE REACTX INFINITY RUN 4,Nike,103.97,160,FOOTWEAR,DR2615-002,11,c4af07e4-3472-58af-a0dd-fc7eb2bb9828,00197861605922
NIKE REACTX INFINITY RUN 4,Nike,103.97,160,FOOTWEAR,DR2615-002,11.5,f37d0506-3156-5b09-9513-4c8d78bd716b,00197861637503
NIKE REACTX INFINITY RUN 4,Nike,103.97,160,FOOTWEAR,DR2615-002,12,f75d5488-b7b9-5b7a-94e4-b950caccc3b0,00197861749664
NIKE REACTX INFINITY RUN 4,Nike,103.97,160,FOOTWEAR,DR2615-002,12.5,b3845f14-9449-5220-9ea0-df92c561e47b,00197861616249
NIKE REACTX INFINITY RUN 4,Nike,103.97,160,FOOTWEAR,DR2615-002,13,dae021e4-7857-5829-8263-726d641071e2,00197861739573
NIKE REACTX INFINITY RUN 4,Nike,103.97,160,FOOTWEAR,DR2615-002,14,129767bd-8279-502c-b136-db2227ed76f4,00197861687744
NIKE REACTX INFINITY RUN 4,Nike,103.97,160,FOOTWEAR,DR2615-002,15,5afa54c5-9252-5ccb-96b7-53a7bbf78bcc,00197861590006
AIR ZOOM ALPHAFLY NEXT% 3 PRM,Nike,260,260,FOOTWEAR,FQ0904-301,6,ce64be57-064d-5d78-abca-5216d56e2c98,00197859152407
AIR ZOOM ALPHAFLY NEXT% 3 PRM,Nike,260,260,FOOTWEAR,FQ0904-301,6.5,9c89292c-d638-5a6a-bd16-c7b37f97bc56,00197859135264
AIR ZOOM ALPHAFLY NEXT% 3 PRM,Nike,260,260,FOOTWEAR,FQ0904-301,7,e9e94c78-1004-5914-ae16-aea41bc8649f,00197859158348
AIR ZOOM ALPHAFLY NEXT% 3 PRM,Nike,260,260,FOOTWEAR,FQ0904-301,7.5,0ba84521-0546-5e7f-a616-5a511c40dcf6,00197859124503
AIR ZOOM ALPHAFLY NEXT% 3 PRM,Nike,260,260,FOOTWEAR,FQ0904-301,8,fbe43374-d06b-5171-aadf-1228b27a7fbb,00197859126316
AIR ZOOM ALPHAFLY NEXT% 3 PRM,Nike,260,260,FOOTWEAR,FQ0904-301,8.5,9561c2de-3bf0-5f8c-9024-cc40f9b903d8,00197859120116
AIR ZOOM ALPHAFLY NEXT% 3 PRM,Nike,260,260,FOOTWEAR,FQ0904-301,9,a4a44475-59a7-5ec5-b065-cb78e7e94708,00197859122943
AIR ZOOM ALPHAFLY NEXT% 3 PRM,Nike,260,260,FOOTWEAR,FQ0904-301,9.5,33bad66d-6816-53f0-83bd-b57cd31b20df,00197859147311
AIR ZOOM ALPHAFLY NEXT% 3 PRM,Nike,260,260,FOOTWEAR,FQ0904-301,10,78074ce3-4dcf-50fc-8531-1c35415b6000,00197859127214
AIR ZOOM ALPHAFLY NEXT% 3 PRM,Nike,260,260,FOOTWEAR,FQ0904-301,10.5,afdc9fde-901b-510d-b9df-10a47b3e2935,00197859152322
AIR ZOOM ALPHAFLY NEXT% 3 PRM,Nike,260,260,FOOTWEAR,FQ0904-301,11,367e3b26-0a67-5819-b578-4348dc1df9db,00197859129959
AIR ZOOM ALPHAFLY NEXT% 3 PRM,Nike,260,260,FOOTWEAR,FQ0904-301,11.5,a6eb24a4-a2ba-56d9-8647-8303255cc995,00197859149155
AIR ZOOM ALPHAFLY NEXT% 3 PRM,Nike,260,260,FOOTWEAR,FQ0904-301,12,eb5b2e64-0a23-5d1f-9fe1-d3c11cb4426b,00197859148851
AIR ZOOM ALPHAFLY NEXT% 3 PRM,Nike,260,260,FOOTWEAR,FQ0904-301,12.5,3e6f83aa-8887-5910-9e25-a69d8c8254a0,00197859122349
AIR ZOOM ALPHAFLY NEXT% 3 PRM,Nike,260,260,FOOTWEAR,FQ0904-301,13,791f8e50-35ff-5d48-a192-87a2ba4d8bc7,00197859159574
AIR ZOOM ALPHAFLY NEXT% 3 PRM,Nike,260,260,FOOTWEAR,FQ0904-301,14,a88a7ff7-0b4f-5792-a809-eacd3c3c3fee,00197859136612
AIR ZOOM ALPHAFLY NEXT% 3 PRM,Nike,260,260,FOOTWEAR,FQ0904-301,15,262db52a-029b-5129-b220-9af85e7fd4cf,00197859137589
NIKE REACTX PEGASUS TRAIL 5,Nike,180,180,FOOTWEAR,HQ1843-400,6,63eb4e20-f28f-5f0f-a541-d85c67beeabb,00197860211780
NIKE REACTX PEGASUS TRAIL 5,Nike,180,180,FOOTWEAR,HQ1843-400,6.5,5231ca52-26af-57dd-be2d-21e826482b18,00197860203020
NIKE REACTX PEGASUS TRAIL 5,Nike,180,180,FOOTWEAR,HQ1843-400,7,7c0fb319-0c4f-56ba-80f7-e4c73a620ea8,00197860197893
NIKE REACTX PEGASUS TRAIL 5,Nike,180,180,FOOTWEAR,HQ1843-400,7.5,b3d0a1ef-992e-5433-b425-a02d61636dec,00197860223400
NIKE REACTX PEGASUS TRAIL 5,Nike,180,180,FOOTWEAR,HQ1843-400,8,08b990cc-a108-5b05-9eb8-76d1c5318ae1,00197860199972
NIKE REACTX PEGASUS TRAIL 5,Nike,180,180,FOOTWEAR,HQ1843-400,8.5,1daac008-bd38-5c5f-8dc4-459a7b454013,00197860217133
NIKE REACTX PEGASUS TRAIL 5,Nike,180,180,FOOTWEAR,HQ1843-400,9,8f91e798-2960-5dc8-bf7d-52c2c445667a,00197860206410
NIKE REACTX PEGASUS TRAIL 5,Nike,180,180,FOOTWEAR,HQ1843-400,9.5,2f279686-2922-5045-a79b-70ca2f942ee3,00197860216259
NIKE REACTX PEGASUS TRAIL 5,Nike,180,180,FOOTWEAR,HQ1843-400,10,7f4d2807-3caa-5c3b-8a85-f1e01b1dfab2,00197860214316
NIKE REACTX PEGASUS TRAIL 5,Nike,180,180,FOOTWEAR,HQ1843-400,10.5,e010dae9-7d8e-56a0-8d13-02520546d410,00197860200050
NIKE REACTX PEGASUS TRAIL 5,Nike,180,180,FOOTWEAR,HQ1843-400,11,2843f83f-d807-5954-ac2c-35afec7ab754,00197860216730
NIKE REACTX PEGASUS TRAIL 5,Nike,180,180,FOOTWEAR,HQ1843-400,11.5,679bcb7e-1de2-5b18-94f3-16a6a87a02f8,00197860205154
NIKE REACTX PEGASUS TRAIL 5,Nike,180,180,FOOTWEAR,HQ1843-400,12,1197018a-bff4-5490-a6fe-bea00591157d,00197860218123
NIKE REACTX PEGASUS TRAIL 5,Nike,180,180,FOOTWEAR,HQ1843-400,12.5,a995c4f2-45c5-5cc1-a90b-373c7649f9c0,00197860200593
NIKE REACTX PEGASUS TRAIL 5,Nike,180,180,FOOTWEAR,HQ1843-400,13,e155761b-d693-5e92-a21b-ceaf7f2d35a7,00197860214705
NIKE REACTX PEGASUS TRAIL 5,Nike,180,180,FOOTWEAR,HQ1843-400,14,f667554a-a1fd-5b92-887c-e49755628014,00197860225893
NIKE REACTX PEGASUS TRAIL 5,Nike,180,180,FOOTWEAR,HQ1843-400,15,e152b676-7c36-59cc-b805-f3a0e039120d,00197860226746
AIR ZOOM VICTORY 2 ALL,Nike,75,75,FOOTWEAR,HQ3512-100,6,d74be765-9e76-501a-be56-d0787cdb6a2e,00666032718964
AIR ZOOM VICTORY 2 ALL,Nike,75,75,FOOTWEAR,HQ3512-100,6.5,4e9ed31a-c053-51f6-90af-5e148163889a,00666032718971
AIR ZOOM VICTORY 2 ALL,Nike,75,75,FOOTWEAR,HQ3512-100,7,ac284d88-6cea-526f-b365-96752c5450df,00666032718988
AIR ZOOM VICTORY 2 ALL,Nike,75,75,FOOTWEAR,HQ3512-100,7.5,884ad5de-7b50-5783-8c4e-105f2b5f761c,00666032718995
AIR ZOOM VICTORY 2 ALL,Nike,75,75,FOOTWEAR,HQ3512-100,8,149ecb2b-9564-5d94-8c3b-48b32c8704ef,00666032719008
AIR ZOOM VICTORY 2 ALL,Nike,75,75,FOOTWEAR,HQ3512-100,8.5,d787c4a3-2eaa-5cef-9238-95f970ee8fd9,00666032719015
AIR ZOOM VICTORY 2 ALL,Nike,75,75,FOOTWEAR,HQ3512-100,9,30e5b982-7330-5e01-b0d6-3185dafe0889,00666032719039
AIR ZOOM VICTORY 2 ALL,Nike,75,75,FOOTWEAR,HQ3512-100,9.5,64f94623-f857-58cc-a113-c060a5c80d2d,00666032719046
AIR ZOOM VICTORY 2 ALL,Nike,75,75,FOOTWEAR,HQ3512-100,10,87af14af-8eb9-53fe-8469-d83a5f5695fd,00666032719053
AIR ZOOM VICTORY 2 ALL,Nike,75,75,FOOTWEAR,HQ3512-100,10.5,fb74d7c3-6121-599f-9b97-fa9822381866,00666032719060
AIR ZOOM VICTORY 2 ALL,Nike,75,75,FOOTWEAR,HQ3512-100,11,73973c68-cf50-5a0a-90fc-d542309a55d8,00666032719077
AIR ZOOM VICTORY 2 ALL,Nike,75,75,FOOTWEAR,HQ3512-100,11.5,661b93bb-7f3e-582c-8dcd-7914f8df81e8,00666032719084
AIR ZOOM VICTORY 2 ALL,Nike,75,75,FOOTWEAR,HQ3512-100,12,78a3853d-c36d-5e7a-b80b-ba74dc7df394,00666032719497
AIR ZOOM VICTORY 2 ALL,Nike,75,75,FOOTWEAR,HQ3512-100,12.5,69f5a256-55fb-50ec-86ae-cdae2635c114,00666032720288
AIR ZOOM VICTORY 2 ALL,Nike,75,75,FOOTWEAR,HQ3512-100,13,1147e4f1-caec-5ada-b0e2-bb2ccc6778cf,00666032720295
AIR ZOOM VICTORY 2 ALL,Nike,75,75,FOOTWEAR,HQ3512-100,14,028ca13f-9315-5e5b-a740-b89e36181981,00666032720301
AIR ZOOM VICTORY 2 ALL,Nike,75,75,FOOTWEAR,HQ3512-100,15,1708ef03-275a-5277-94f8-0e8b6178c0f6,00666032720318
NIKE FREE RN 2018,Nike,160,160,FOOTWEAR,FQ1358-004,6,2829b965-7827-5066-b9d4-ccf07ba84e7e,00197594395404
NIKE FREE RN 2018,Nike,160,160,FOOTWEAR,FQ1358-004,6.5,32b220c7-ef5e-5d09-8f5b-9316cbac275c,00197594397552
NIKE FREE RN 2018,Nike,160,160,FOOTWEAR,FQ1358-004,7,6141c28b-30ee-5a3c-88a1-34ac03819bf0,00197594392052
NIKE FREE RN 2018,Nike,160,160,FOOTWEAR,FQ1358-004,7.5,61ea18b2-7d4d-5c22-93b9-e912c9ccc244,00197594394247
NIKE FREE RN 2018,Nike,160,160,FOOTWEAR,FQ1358-004,8,2c06f718-769d-5458-8560-0aaa2dc59367,00197594394254
NIKE FREE RN 2018,Nike,160,160,FOOTWEAR,FQ1358-004,8.5,a8976536-55a0-5832-abdf-dd9999a694ef,00197594395053
NIKE FREE RN 2018,Nike,160,160,FOOTWEAR,FQ1358-004,9,40fb4096-3fda-53d8-a2f9-25769412bbb9,00197594397347
NIKE FREE RN 2018,Nike,160,160,FOOTWEAR,FQ1358-004,9.5,1e0db85e-37dd-5800-9bfd-a434514a2494,00197594391963
NIKE FREE RN 2018,Nike,160,160,FOOTWEAR,FQ1358-004,10,4f817f4a-3941-571d-818d-da9f60bda8e0,00197594397576
NIKE FREE RN 2018,Nike,160,160,FOOTWEAR,FQ1358-004,10.5,ad8820db-374d-577e-8c1e-9cbff7c627ee,00197594390980
NIKE FREE RN 2018,Nike,160,160,FOOTWEAR,FQ1358-004,11,58358923-3a50-519d-9400-d1c16544f5ed,00197594395220
NIKE FREE RN 2018,Nike,160,160,FOOTWEAR,FQ1358-004,11.5,4252d9de-274e-53e2-b230-b9fc626ba317,00197594393349
NIKE FREE RN 2018,Nike,160,160,FOOTWEAR,FQ1358-004,12,f2528edf-dec1-506b-b4cd-39aaaaaf6f80,00197594398023
NIKE FREE RN 2018,Nike,160,160,FOOTWEAR,FQ1358-004,12.5,0b4035d2-94d9-5443-9882-5f3efafff499,00197594391215
NIKE FREE RN 2018,Nike,160,160,FOOTWEAR,FQ1358-004,13,c2c1890f-f811-5c3d-9742-a7d0028fbef5,00197594395763
NIKE FREE RN 2018,Nike,160,160,FOOTWEAR,FQ1358-004,14,a5092e10-bc30-51b2-842d-d4f0775e0be5,00197594394414
NIKE FREE RN 2018,Nike,160,160,FOOTWEAR,FQ1358-004,15,a7ade876-4b36-5ccb-8a88-20086a55e2a9,00197594390638
NIKE REACTX INFINITY RUN 4 W,Nike,275,275,FOOTWEAR,HQ3222-276,6,4c51689c-6df3-51e7-bcb9-00d84a398774,00197860762268
NIKE REACTX INFINITY RUN 4 W,Nike,275,275,FOOTWEAR,HQ3222-276,6.5,85c20b37-7fd5-5e6e-9717-ab3f4cbae3d1,00197860763548
NIKE REACTX INFINITY RUN 4 W,Nike,275,275,FOOTWEAR,HQ3222-276,7,95967daa-e9a1-5c43-aca8-3d9f2035a65d,00197860761087
NIKE REACTX INFINITY RUN 4 W,Nike,275,275,FOOTWEAR,HQ3222-276,7.5,baa42b9b-2533-56c0-b1df-7ca8d5975732,00197860762961
NIKE REACTX INFINITY RUN 4 W,Nike,275,275,FOOTWEAR,HQ3222-276,8,67c1cf45-6459-5b62-ad34-ee58172caa1f,00197860764156
NIKE REACTX INFINITY RUN 4 W,Nike,275,275,FOOTWEAR,HQ3222-276,8.5,d99043a2-61ad-5fa2-9c63-2a60ed135d16,00197860762282
NIKE REACTX INFINITY RUN 4 W,Nike,275,275,FOOTWEAR,HQ3222-276,9,fb9a2a6f-b8b0-5591-aae8-a9531bea561a,00197860761391
NIKE REACTX INFINITY RUN 4 W,Nike,275,275,FOOTWEAR,HQ3222-276,9.5,76558893-08c3-515e-922d-d6e4627ed376,00197860764583
NIKE REACTX INFINITY RUN 4 W,Nike,275,275,FOOTWEAR,HQ3222-276,10,a97c3d10-c699-51d4-a636-9849f236f295,00197860761476
NIKE REACTX INFINITY RUN 4 W,Nike,275,275,FOOTWEAR,HQ3222-276,10.5,556d6fcc-92e0-5816-8b02-237ff33e70b2,00197860763142
NIKE REACTX INFINITY RUN 4 W,Nike,275,275,FOOTWEAR,HQ3222-276,11,c51f5b13-7938-54cb-acf8-1019bd6cb074,00197860763371
NIKE REACTX INFINITY RUN 4 W,Nike,275,275,FOOTWEAR,HQ3222-276,11.5,244cc7ff-d058-56a5-8a90-d221b1035e38,00197860764194
NIKE REACTX INFINITY RUN 4 W,Nike,275,275,FOOTWEAR,HQ3222-276,12,e946e897-d73a-59fe-af9f-8e9ac58f0566,00197860763692
NIKE REACTX INFINITY RUN 4 W,Nike,275,275,FOOTWEAR,HQ3222-276,12.5,b2503f72-06d0-5022-9bfa-f84b1fab1766,00197860763739
NIKE REACTX INFINITY RUN 4 W,Nike,275,275,FOOTWEAR,HQ3222-276,13,9a541d3a-d7a1-5523-8dc5-7ccf78d780d6,00197860760905
NIKE REACTX INFINITY RUN 4 W,Nike,275,275,FOOTWEAR,HQ3222-276,14,9d51eb82-7449-5cef-bab2-c9a8eaa1e930,00197860760998
NIKE REACTX INFINITY RUN 4 W,Nike,275,275,FOOTWEAR,HQ3222-276,15,9c64a97d-b76d-5bed-94c6-bf46f939489f,00197860760783
AIR ZOOM STRUCTURE 25 WIDE,Nike,55.97,80,FOOTWEAR,FD6454-005,6,1937f793-75f5-5b32-bebd-443cd0776212,00197593745927
AIR ZOOM STRUCTURE 25 WIDE,Nike,55.97,80,FOOTWEAR,FD6454-005,6.5,250c135a-4948-5dc1-8a93-c676c0af347b,00197593686152
AIR ZOOM STRUCTURE 25 WIDE,Nike,55.97,80,FOOTWEAR,FD6454-005,7,2896a4f4-4bb7-546f-bb82-36a5d9e80d7d,00197593742469
AIR ZOOM STRUCTURE 25 WIDE,Nike,55.97,80,FOOTWEAR,FD6454-005,7.5,656edd6f-09b1-578e-af62-6629a0049f3e,00197593696113
AIR ZOOM STRUCTURE 25 WIDE,Nike,55.97,80,FOOTWEAR,FD6454-005,8,0d914026-1bb3-51ae-9d8e-06a425c9b668,00197593739469
AIR ZOOM STRUCTURE 25 WIDE,Nike,55.97,80,FOOTWEAR,FD6454-005,8.5,11fb41cf-9edc-56b2-8d75-dac0344b0157,00197593721488
AIR ZOOM STRUCTURE 25 WIDE,Nike,55.97,80,FOOTWEAR,FD6454-005,9,b133759e-9021-5876-b804-4e4e9f7b9ff2,00197593726278
AIR ZOOM STRUCTURE 25 WIDE,Nike,55.97,80,FOOTWEAR,FD6454-005,9.5,257c5f97-8ab4-5b47-933c-c0a763eb3b19,00197593697479
AIR ZOOM STRUCTURE 25 WIDE,Nike,55.97,80,FOOTWEAR,FD6454-005,10,f4c8c37d-109f-55a9-af30-3a65c3905c68,00197593679086
AIR ZOOM STRUCTURE 25 WIDE,Nike,55.97,80,FOOTWEAR,FD6454-005,10.5,ea058f12-4bda-56ea-8e63-7a6eb14c82c9,00197593718921
AIR ZOOM STRUCTURE 25 WIDE,Nike,55.97,80,FOOTWEAR,FD6454-005,11,cf03c860-2e88-5658-bbb7-1c6a5769a488,00197593723598
AIR ZOOM STRUCTURE 25 WIDE,Nike,55.97,80,FOOTWEAR,FD6454-005,11.5,d3e9079e-db72-5668-bd1a-b25b2c819419,00197593680044
AIR ZOOM STRUCTURE 25 WIDE,Nike,55.97,80,FOOTWEAR,FD6454-005,12,f1f3117c-7a57-518e-ab0d-d9225d08fe72,00197593674111
AIR ZOOM STRUCTURE 25 WIDE,Nike,55.97,80,FOOTWEAR,FD6454-005,12.5,458d8cfe-8843-5734-ab82-43241cf01340,00197593674593
AIR ZOOM STRUCTURE 25 WIDE,Nike,55.97,80,FOOTWEAR,FD6454-005,13,f3042c47-7500-5e20-b262-82fe3e5e8a49,00197593705686
AIR ZOOM STRUCTURE 25 WIDE,Nike,55.97,80,FOOTWEAR,FD6454-005,14,046fa494-4d60-51e7-a9a1-8fcf407888ab,00197593743770
AIR ZOOM STRUCTURE 25 WIDE,Nike,55.97,80,FOOTWEAR,FD6454-005,15,2057ea84-0d2f-5705-ae7b-cefd55ff27b0,00197593725059
NIKE QUEST 6,Nike,140,140,FOOTWEAR,FB2207-407,6,4376ff33-3fab-5a9e-bf8b-9c2b3f54132b,00197600664623
NIKE QUEST 6,Nike,140,140,FOOTWEAR,FB2207-407,6.5,1254dffa-5a21-5575-b0ef-992c32ecc396,00197600659988
NIKE QUEST 6,Nike,140,140,FOOTWEAR,FB2207-407,7,be401c61-aeac-5d3b-9c67-9a99690f6b4a,00197600713772
NIKE QUEST 6,Nike,140,140,FOOTWEAR,FB2207-407,7.5,5c33d945-615b-5f8a-82a2-745fef5c0846,00197600675933
NIKE QUEST 6,Nike,140,140,FOOTWEAR,FB2207-407,8,c41f98ae-7a76-5c39-9ef4-66f6abc07724,00197600714908
NIKE QUEST 6,Nike,140,140,FOOTWEAR,FB2207-407,8.5,502f2b93-65dc-5b0d-82eb-75ebf6cd5f52,00197600671928
NIKE QUEST 6,Nike,140,140,FOOTWEAR,FB2207-407,9,566b0739-b37d-53a3-856c-bccac23447ef,00197600714113
NIKE QUEST 6,Nike,140,140,FOOTWEAR,FB2207-407,9.5,f29daf79-7355-57e3-9c1d-a9e1b34a98e2,00197600665187
NIKE QUEST 6,Nike,140,140,FOOTWEAR,FB2207-407,10,e8882f0e-4687-52bc-97d7-411ffc9d9705,00197600664944
NIKE QUEST 6,Nike,140,140,FOOTWEAR,FB2207-407,10.5,286d5c4f-29ca-51ea-b616-4a11928293cc,00197600696556
NIKE QUEST 6,Nike,140,140,FOOTWEAR,FB2207-407,11,c7732a82-2ae6-5f68-9f33-ef55a6fbda03,00197600658745
NIKE QUEST 6,Nike,140,140,FOOTWEAR,FB2207-407,11.5,23f090c8-4d14-5c5e-8629-cac7601820ee,00197600661592
NIKE QUEST 6,Nike,140,140,FOOTWEAR,FB2207-407,12,1317aecf-6ec0-5430-8cb0-718e8052574f,00197600694088
NIKE QUEST 6,Nike,140,140,FOOTWEAR,FB2207-407,12.5,c594c72d-0975-5624-b824-07bb5d70f0c6,00197600658646
NIKE QUEST 6,Nike,140,140,FOOTWEAR,FB2207-407,13,9db36262-6b94-5cd5-acfa-100ba7e441da,00197600715066
NIKE QUEST 6,Nike,140,140,FOOTWEAR,FB2207-407,14,3d24c4f8-afaa-5284-a156-8090cff69ac7,00197600672536
NIKE QUEST 6,Nike,140,140,FOOTWEAR,FB2207-407,15,15ff8882-012e-5186-bb16-072e95642330,00197600685406
NIKE REVOLUTION 7 EASYON,Nike,85,85,FOOTWEAR,HQ3223-325,6,cf8242d2-7a4f-5b14-b900-47bbea7f3381,00197596687453
NIKE REVOLUTION 7 EASYON,Nike,85,85,FOOTWEAR,HQ3223-325,6.5,953c6d24-8f43-5318-a37c-899b0e5cc84d,00197596256550
NIKE REVOLUTION 7 EASYON,Nike,85,85,FOOTWEAR,HQ3223-325,7,187fcae6-f8aa-59ac-9056-8f037c7898e1,00197596940558
NIKE REVOLUTION 7 EASYON,Nike,85,85,FOOTWEAR,HQ3223-325,7.5,8de2469b-9b5f-5d55-aa97-2e18deb727b3,00197596240115
NIKE REVOLUTION 7 EASYON,Nike,85,85,FOOTWEAR,HQ3223-325,8,d17f92d8-db6f-5a1c-a3cf-62858d2bc9fa,00197596382327
NIKE REVOLUTION 7 EASYON,Nike,85,85,FOOTWEAR,HQ3223-325,8.5,891d404d-439c-5683-8c7e-6a7b795ac3cd,00197596812916
NIKE REVOLUTION 7 EASYON,Nike,85,85,FOOTWEAR,HQ3223-325,9,9e3878bd-68c2-5425-9c96-9c9698c15d3f,00197596224948
NIKE REVOLUTION 7 EASYON,Nike,85,85,FOOTWEAR,HQ3223-325,9.5,7e1ddcd7-790e-559d-955d-20dd5408d5ba,00197596172737
NIKE REVOLUTION 7 EASYON,Nike,85,85,FOOTWEAR,HQ3223-325,10,1b305b7a-d14b-5b98-8134-aa825f576108,00197596964875
NIKE REVOLUTION 7 EASYON,Nike,85,85,FOOTWEAR,HQ3223-325,10.5,68b28e85-7408-58f0-9fbd-080441cebdc7,00197598562888
NIKE REVOLUTION 7 EASYON,Nike,85,85,FOOTWEAR,HQ3223-325,11,3d8c7026-49de-5b5c-b75e-66fa72013606,00197596342277
NIKE REVOLUTION 7 EASYON,Nike,85,85,FOOTWEAR,HQ3223-325,11.5,b0220740-20cc-556e-b9b3-c83fcfd727cc,00197598553688
NIKE REVOLUTION 7 EASYON,Nike,85,85,FOOTWEAR,HQ3223-325,12,aad8ef59-e607-54ac-aa84-26ccd1a99573,00197596863536
NIKE REVOLUTION 7 EASYON,Nike,85,85,FOOTWEAR,HQ3223-325,12.5,12364854-15ba-5822-8caa-a31491ccf1e8,00197596342000
NIKE REVOLUTION 7 EASYON,Nike,85,85,FOOTWEAR,HQ3223-325,13,c7c15868-7370-579f-8671-79850e9917ff,00197596340778
NIKE REVOLUTION 7 EASYON,Nike,85,85,FOOTWEAR,HQ3223-325,14,0248ee6c-8330-57cf-a3a9-c5206cdaf2be,00197596206951
NIKE REVOLUTION 7 EASYON,Nike,85,85,FOOTWEAR,HQ3223-325,15,c93dddfd-5393-5f20-a463-d9f7f26c003c,00197596525021
M NIKE PROMINA,Jordan,84.97,120,FOOTWEAR,FD2291-105,S/M,72ee5794-056d-502e-85d1-5fd8ed50673f,00196975377411
M NIKE PROMINA,Jordan,84.97,120,FOOTWEAR,FD2291-105,M/L,2dc8e350-a2cd-5250-bd06-1f292c2c1473,00196975406388
M NIKE PROMINA,Jordan,84.97,120,FOOTWEAR,FD2291-105,L/XL,5d01c4c2-e6ad-5fa5-ab8e-859b455d4c2f,00196975437368
Mlb NK Dark Gray Club Unstr Ad,Nike,115,115,APPAREL,NB0309J7HUS-JRS,6,bdab5a2a-b1d0-5e66-813b-948ebdfd7e36,00196969192488
Mlb NK Dark Gray Club Unstr Ad,Nike,115,115,APPAREL,NB0309J7HUS-JRS,6.5,bf877060-9ae6-5377-8c75-64b72c7ebbdf,00196969192495
Mlb NK Dark Gray Club Unstr Ad,Nike,115,115,APPAREL,NB0309J7HUS-JRS,7,97efcfe0-76c8-5f2a-9cda-b5727b4dc396,00196969192501
Mlb NK Dark Gray Club Unstr Ad,Nike,115,115,APPAREL,NB0309J7HUS-JRS,7.5,7de150b8-d6ba-5743-a5e9-71168477a22f,00196969192518
Mlb NK Dark Gray Club Unstr Ad,Nike,115,115,APPAREL,NB0309J7HUS-JRS,8,706e0af0-7861-574e-a992-42340ae9203e,00196969192525
Mlb NK Dark Gray Club Unstr Ad,Nike,115,115,APPAREL,NB0309J7HUS-JRS,8.5,21cbfef7-ff1d-5b7c-8356-1a40776dba08,00196969192532
Mlb NK Dark Gray Club Unstr Ad,Nike,115,115,APPAREL,NB0309J7HUS-JRS,9,c8f92e71-1bef-5461-94c3-8e43f93533c5,00196969192549
Mlb NK Dark Gray Club Unstr Ad,Nike,115,115,APPAREL,NB0309J7HUS-JRS,9.5,0a4deb66-e3b5-55f0-8f95-ba8c3d64d9ed,00196969192556
Mlb NK Dark Gray Club Unstr Ad,Nike,115,115,APPAREL,NB0309J7HUS-JRS,10,324343db-e6e0-5f89-95fc-8f80a40e2231,00196969192563
Mlb NK Dark Gray Club Unstr Ad,Nike,115,115,APPAREL,NB0309J7HUS-JRS,10.5,fba438b8-fa79-56f6-919e-3098cff70175,00196969192570
Mlb NK Dark Gray Club Unstr Ad,Nike,115,115,APPAREL,NB0309J7HUS-JRS,11,582ab511-6d52-5649-be03-caa1e0c03a79,00196969192587
Mlb NK Dark Gray Club Unstr Ad,Nike,115,115,APPAREL,NB0309J7HUS-JRS,11.5,30e2c09f-c7ec-5129-bf23-25dfa38a6b3c,00196969192594
Mlb NK Dark Gray Club Unstr Ad,Nike,115,115,APPAREL,NB0309J7HUS-JRS,12,90f07ec3-25cb-5cc8-9c24-b0de70b409cd,00196969192600
Mlb NK Dark Gray Club Unstr Ad,Nike,115,115,APPAREL,NB0309J7HUS-JRS,12.5,362d4d3b-dc61-587a-b2d8-6f8eff5316f7,00196969192617
Mlb NK Dark Gray Club Unstr Ad,Nike,115,115,APPAREL,NB0309J7HUS-JRS,13,a7addf2a-d67a-5cdd-84ec-a1e9285031c7,00196969192624
Mlb NK Dark Gray Club Unstr Ad,Nike,115,115,APPAREL,NB0309J7HUS-JRS,14,786a102a-3a96-5617-bdda-ab6990f72f8f,00196969192631
Mlb NK Dark Gray Club Unstr Ad,Nike,115,115,APPAREL,NB0309J7HUS-JRS,15,285cde1f-d38d-5227-a757-07c90555e8e8,00196969192648
Mlb NK Dark Gray Club Unstr Ad,Nike,115,115,APPAREL,NB0309J7HUS-JRS,16,bfbc2aeb-81f8-5828-a36d-394a26e4b227,00196969192655
Mlb NK Dark Gray Club Unstr Ad,Nike,115,115,APPAREL,NB0309J7HUS-JRS,17,3aacb1f0-f0b6-5a5f-b25b-f686d5c73a41,00196969192662
Mlb NK Dark Gray Club Unstr Ad,Nike,115,115,APPAREL,NB0309J7HUS-JRS,18,496d1b82-4800-5904-9c26-7c96118193d6,00196969192679
